{
  "menu": [
    {
      "name": "Dashboard",
      "icon": "menu-icon tf-icons mdi mdi-home-outline",
      "url": "/dashboards",
      "slug": "dashboards"
    },
    {
      "name": "Metrics Management",
      "icon": "menu-icon tf-icons mdi mdi-trophy-outline",
      "slug": "metrics",
      "submenu": [
        {
          "url": "/metrics",
          "name": "Manage Metrics",
          "slug": "metrics-manage-metrics"
        },
        {
          "url": "/goalset",
          "name": "Manage Goalset",
          "slug": "metrics-manage-goalset"
        }
      ]
    },
    {
      "name": "Marketing Management",
      "icon": "menu-icon tf-icons mdi mdi-account-cash-outline",
      "slug": "marketing",
      "submenu": [
        {
          "url": "/marketing",
          "name": "Manage Campaign",
          "slug": "marketing-manage-marketing"
        },
        {
          "url": "/events",
          "name": "Events",
          "slug": "marketing-events"
        }
      ]
    },
    {
      "name": "Branch Management",
      "icon": "menu-icon tf-icons mdi mdi-sitemap-outline",
      "slug": "branch_manage",
      "submenu": [
        {
          "url": "/branch",
          "name": "Manage Branch",
          "slug": "branch_manage-branch"
        },
        {
          "url": "/training_planner",
          "name": "Training Planner",
          "slug": "training-planner"
        },{
          "url": "/branch_audit",
          "name": "Branch Audit",
          "slug": "branch_manage-audit"
        }
      ]
    },
    {
      "name": "Sales Management",
      "icon": "menu-icon tf-icons mdi mdi-network-pos",
      "slug": "sales",
      "submenu": [
        {
          "url": "/sales/manage_lead",
          "name": "Manage Lead",
          "slug": "sales-manage-lead"
        },
        {
          "url": "/sales/manage_lead_appointment",
          "name": "Manage Appointment",
          "slug": "sales-manage-lead-appointment"
        },
        {
          "url": "/sales/manage_lead_follow_up",
          "name": "Manage Followup",
          "slug": "sales-manage-lead-followup"
        },
        {
          "url": "/sales/manage_calls",
          "name": "Manage Calls",
          "slug": "sales-manage-calls"
        },
        {
          "url": "/sales/manage_Team/month",
          "name": "Manage Team",
          "slug": "sales-manage-Team"
        },
        {
          "url": "/sales/team_followup/month",
          "name": "Team Followup",
          "slug": "sales-Team-follow"
        }
      ]
    },
    {
      "name": "Team Management",
      "icon": "menu-icon tf-icons mdi mdi-network-pos",
      "slug": "team",
      "submenu": [
        {
          "url": "/team/manage_team_lead",
          "name": "Team Lead",
          "slug": "team-manage-lead"
        },
        {
          "url": "/team/manage_team_followup",
          "name": "Team Followup",
          "slug": "team-manage-followup"
        },
        {
          "url": "/team/manage_team_appointment",
          "name": "Team Appointment",
          "slug": "team-manage-appointment"
        },
        {
          "url": "/team/manage_team_call",
          "name": "Team Call",
          "slug": "team-manage-call"
        },
        {
          "url": "/team/manage_team_cloud_call",
          "name": "Team Cloud Call",
          "slug": "team-manage-cloud-call"
        }
      ]
    },
    {
      "name": "Customer Management",
      "icon": "menu-icon tf-icons mdi mdi-account-details",
      "slug": "customer",
      "submenu": [
        {
          "url": "/manage_customer",
          "name": "Manage Customer",
          "slug": "customer-manage_customer"
        },
        {
          "url": "/manage_not_started_customer",
          "name": "Manage Not Started",
          "slug": "customer-NotStarted"
        },
        {
          "url": "/manage_customer_drop",
          "name": "Manage Drop ",
          "slug": "customer_drop_list"
        },
        {
          "url": "/manage_customer_refund",
          "name": "Manage Refund",
          "slug": "customer_refund_list"
        }
      ]
    },
    {
      "name": "Manage Whatsapp",
      "icon": "menu-icon tf-icons mdi mdi-whatsapp text-black",
      "slug": "whatsapp-chat",
      "submenu": [
        {
          "url": "/whatsapp_chat",
          "name": "Whatsapp Lead Chat",
          "slug": "whatsapp-chat-lead"
        },
        {
          "url": "/whatsapp_chat_customer",
          "name": "Whatsapp Customer Chat",
          "slug": "whatsapp-chat-customer"
        },
        {
          "url": "/whatsapp_chat_unknown",
          "name": "Whatsapp Unknown Chat",
          "slug": "whatsapp-chat-unknown"
        }
      ]
    },
    {
      "name": "Payment Management",
      "icon": "menu-icon tf-icons mdi mdi-currency-usd",
      "slug": "customer",
      "submenu": [
        {
          "url": "/today_payment",
          "name": "Manage Payment",
          "slug": "payment-manage_payment"
        },
        {
          "url": "/outstanding_payment",
          "name": "Manage Outstanding",
          "slug": "outstanding-manage_payment"
        }
      ]
    },
    {
      "name": "Process Management",
      "icon": "menu-icon tf-icons mdi mdi-finance",
      "slug": "production",
      "submenu": [
        {
          "url": "/production/manage_batch",
          "name": "Manage Batch",
          "slug": "production-manage-batch"
        },
        {
          "url": "/production/manage_extension_batch",
          "name": "Manage Extension",
          "slug": "production-manage-extension-batch"
        },
        {
          "url": "/production/manage_costing_batch",
          "name": "Manage Costing",
          "slug": "production-manage-costing"
        },
        {
          "url": "/production/staff_board",
          "name": "Staff Board",
          "slug": "production-staff-board"
        },
        {
          "url": "/courses/manage_certificate",
          "name": "Manage Certificate",
          "slug": "production-manage-certificate"
        },
        {
          "url": "/courses/certificate_authority",
          "name": "Certificate Authority",
          "slug": "production-certificate-authority"
        }
      ]
    },
    {
      "name": "Courses Management",
      "icon": "menu-icon tf-icons mdi mdi-book-open-page-variant-outline",
      "slug": "courses",
      "submenu": [
        {
          "url": "/courses/manage_courses",
          "name": "Manage Course",
          "slug": "courses-manage-courses"
        }
      ]
    },
    {
      "name": "Exam Management",
      "icon": "menu-icon tf-icons mdi mdi-clipboard-edit-outline",
      "slug": "exam_slug",
      "submenu": [
        {
          "url": "/manage_exam",
          "name": "Manage Exam",
          "slug": "exam_slug-manage-exams"
        },
        {
          "url": "/manage_question_bank",
          "name": "Manage Question Bank",
          "slug": "exam_slug-manage-question-bank"
        }
      ]
    },
    {
      "name": "Support Management",
      "icon": "menu-icon tf-icons mdi mdi-face-agent",
      "slug": "customer_care",
      "submenu": [
        {
          "url": "/customer_care/customer_care_list",
          "name": "View Customer",
          "slug": "customer_care_list"
        },
        {
          "url": "/customer_care/course_list",
          "name": "View Course",
          "slug": "course_list"
        },
        {
          "url": "/customer_care/batch_list",
          "name": "View Batch",
          "slug": "batch_list"
        },
        {
          "url": "/customer_care/manage_certificate",
          "name": "View Certificate",
          "slug": "customer-care-manage-certificate"
        }
      ]
    },
    {
      "name": "Placement Management",
      "icon": "menu-icon tf-icons mdi mdi-card-account-details-outline",
      "slug": "placements",
      "submenu": [
        {
          "url": "/placements/manage_jobs",
          "name": "Manage Jobs",
          "slug": "placements-manage-jobs"
        },
        {
          "url": "/placements/manage_company",
          "name": "Manage Company",
          "slug": "placements-manage-company"
        },
        {
          "url": "/placements/manage_placement",
          "name": "Manage Placement",
          "slug": "placements-manage-placement"
        },
        {
          "url": "/placements/manage_interview",
          "name": "Manage Interview",
          "slug": "placements-manage-interview"
        },
        {
          "url": "/placements/placements_training",
          "name": "Placements & Training",
          "slug": "placements-placements-training"
        },
        {
          "url": "/placements/job_directory",
          "name": "Job Directory",
          "slug": "placements-job-directory"
        },
        {
          "url": "/placements/hr_directory",
          "name": "HR Directory",
          "slug": "placements-hr-directory"
        }
      ]
    },
    {
      "name": "HR Management",
      "icon": "menu-icon tf-icons mdi mdi-account-group-outline",
      "slug": "hr-management",
      "submenu": [
        {
          "url": "/hr_management/staff",
          "name": "Manage Staff",
          "slug": "hr-management-staff"
        },
        {
          "url": "/hr_management/attendance",
          "name": "Manage Attendance",
          "slug": "hr_management_attendance"
        }
      ]
    },
    {
      "name": "Accounts Management",
      "icon": "menu-icon tf-icons mdi mdi-cash-multiple",
      "slug": "accounts",
      "submenu": [
        {
          "url": "/accounts/daily_accounts",
          "name": "Daily Accounts",
          "slug": "accounts-daily-accounts"
        },
        {
          "url": "/accounts/profit_loss",
          "name": "Profit & Loss",
          "slug": "accounts-profit-loss"
        },
        {
          "url": "/accounts/trial_balance",
          "name": "Trial Balance",
          "slug": "accounts-trial-balance"
        }
      ]
    },
    {
      "name": "Users Management",
      "icon": "menu-icon tf-icons mdi mdi-target-account",
      "slug": "users",
      "submenu": [
        {
          "url": "/users/manage_users_list",
          "name": "Manage Users",
          "slug": "users-manage-users-list"
        },
        {
          "url": "/users/user_role",
          "name": "User Role",
          "slug": "users-role"
        }
      ]
    },
    {
      "name": "Reports",
      "icon": "menu-icon tf-icons mdi mdi-file-chart-outline",
      "slug": "reports",
      "submenu": [
        {
          "url": "/manage_reports",
          "name": "Lead Report",
          "slug": "manage_reports"
        },
        {
          "url": "/manage_reports/customer_report",
          "name": "Customer Report",
          "slug": "manage_reports/customer_report"
        },
        {
          "url": "/manage_reports/customer_consolidate_report",
          "name": "Consolidate Report",
          "slug": "manage_reports/customer_consolidate_report"
        },
        {
          "url": "/manage_reports/accounts_report",
          "name": "Account Report",
          "slug": "manage_reports/accounts_report"
        },
        {
          "url": "/manage_reports/batch_report",
          "name": "Batch Report",
          "slug": "manage_reports/batch_report"
        }
      ]
    },
    {
      "name": "Settings",
      "icon": "menu-icon tf-icons mdi mdi-cogs",
      "slug": "settings",
      "submenu": [
        {
          "url": "settings/general_settings",
          "name": "General Settings",
          "slug": "settings-general_settings"
        },
        {
          "url": "settings/common/sms_template",
          "name": "Common",
          "slug": "settings-common"
        },
        {
          "url": "/settings/sales/lead_source",
          "name": "Sales",
          "slug": "settings-sales"
        },
        {
          "url": "/settings/branch_type/branch_type_list",
          "name": "Branch",
          "slug": "settings-branch"
        },
        {
          "url": "/settings/marketing/category",
          "name": "Marketing",
          "slug": "settings-marketing"
        },
        {
          "url": "/settings/hrm/knowledge_tag",
          "name": "HRM",
          "slug": "settings-hrm"
        },
        {
          "url": "/settings/accounts/ledger",
          "name": "Accounts",
          "slug": "settings-accounts"
        },
        {
          "url": "/settings/placements/interview_checklist",
          "name": "Placements and Events",
          "slug": "settings-placements"
        },
        {
          "url": "/settings/exam/question_bank_category",
          "name": "Exam",
          "slug": "settings-exam"
        },
        {
          "url": "/settings/batch/slot",
          "name": "Batch",
          "slug": "settings-batch"
        },
        {
          "url": "/settings/course/brand",
          "name": "Course",
          "slug": "settings-course"
        },
        {
          "url": "/settings/counsellor/OfferZone",
          "name": "Counsellor",
          "slug": "settings-counsellor"
        }
      ]
    }
  ]
}
